signal_id,wallet_unique_id,mc_at_buy
0,KOL_2,19000.0
0,KOL_6,10400.0
1,KOL_2,23980.0
1,New Wallet_17,20220.0
2,New Wallet_17,12590.0
2,New Wallet_124,7360.0
3,New Wallet_66,26580.0
3,New Wallet_95,14950.0
4,New Wallet_82,18780.0
4,New Wallet_16,17290.0
5,KOL_46,25440.0
5,KOL_2,17310.0
6,New Wallet_13,12730.0
6,New Wallet_124,5800.0
7,New Wallet_124,21770.0
7,New Wallet_26,65410.0
7,KOL_2,55000.0
7,New Wallet_17,35660.0
7,KOL_3,25040.0
8,New Wallet_38,12440.0
8,New Wallet_13,12130.0
9,New Wallet_16,33320.0
9,New Wallet_26,14210.0
10,New Wallet_8,34730.0
10,New Wallet_44,30790.0
10,New Wallet_17,20190.0
11,New Wallet_8,29240.0
11,New Wallet_44,30790.0
11,New Wallet_17,20190.0
12,New Wallet_17,33560.0
12,KOL_18,13000.0
13,KOL_18,33480.0
13,New Wallet_17,33560.0
14,New Wallet_13,13150.0
14,New Wallet_17,9640.0
15,New Wallet_13,15160.0
15,New Wallet_17,11460.0
16,KOL_6,19640.0
16,New Wallet_124,19200.0
16,New Wallet_13,15160.0
16,New Wallet_17,11460.0
17,KOL_32,12540.0
17,KOL_27,6680.0
18,New Wallet_13,26460.0
18,KOL_57,18620.0
19,New Wallet_16,25800.0
19,New Wallet_7,20820.0
20,New Wallet_7,26140.0
20,New Wallet_16,25800.0
21,New Wallet_7,12360.0
21,KOL_17,4870.0
22,New Wallet_83,22090.0
22,New Wallet_16,13600.0
22,New Wallet_7,12360.0
22,KOL_17,4870.0
23,New Wallet_53,16590.0
23,New Wallet_37,15040.0
24,New Wallet_59,34490.0
24,KOL_103,32910.0
25,New Wallet_58,22420.0
25,KOL_27,9670.0
26,New Wallet_40,16360.0
26,New Wallet_124,5630.0
27,New Wallet_35,16890.0
27,New Wallet_21,15080.0
28,New Wallet_40,12810.0
28,KOL_4,5610.0
29,KOL_62,13970.0
29,KOL_4,5950.0
30,New Wallet_13,16170.000000000002
30,New Wallet_21,12620.0
31,New Wallet_21,12600.0
31,New Wallet_124,11510.0
31,New Wallet_13,9670.0
32,KOL_77,32870.0
32,New Wallet_102,67750.0
33,New Wallet_21,13080.0
33,KOL_4,5580.0
34,KOL_43,12020.0
34,KOL_4,17660.0
35,New Wallet_16,14380.0
35,New Wallet_102,12900.0
36,New Wallet_49,17450.0
36,New Wallet_21,18120.0
37,New Wallet_16,22580.0
37,KOL_103,12410.0
38,KOL_4,12980.0
38,New Wallet_40,9850.0
39,New Wallet_21,20700.0
39,KOL_4,21230.0
39,New Wallet_13,15620.0
40,New Wallet_29,15310.0
40,New Wallet_13,12510.0
41,KOL_103,17350.0
41,New Wallet_21,8490.0
42,New Wallet_22,20320.0
42,New Wallet_20,33010.0
43,New Wallet_132,34600.0
43,KOL_12,48800.0
43,New Wallet_154,38130.0
43,New Wallet_22,20320.0
43,New Wallet_20,33010.0
44,New Wallet_7,12170.0
44,New Wallet_20,6580.0
44,New Wallet_1,5900.0
45,New Wallet_17,14600.0
45,New Wallet_7,15010.0
46,New Wallet_16,34320.0
46,New Wallet_1,15540.0
47,KOL_103,13200.0
47,New Wallet_13,12600.0
48,New Wallet_17,28920.0
48,New Wallet_13,13570.0
49,New Wallet_24,23210.0
49,New Wallet_35,31860.0
49,New Wallet_17,28920.0
50,New Wallet_14,21270.0
50,New Wallet_29,43070.0
51,New Wallet_55,29890.0
51,New Wallet_17,13230.0
52,KOL_103,16890.0
52,New Wallet_35,15080.0
53,New Wallet_17,27130.0
53,KOL_1,14480.0
54,New Wallet_38,23520.0
54,New Wallet_13,19330.0
54,New Wallet_17,27130.0
54,KOL_1,14480.0
55,New Wallet_17,12580.0
55,KOL_1,9100.0
55,KOL_4,5180.0
56,New Wallet_7,20110.0
56,KOL_4,5910.0
57,KOL_72,25280.0
57,New Wallet_7,20110.0
58,KOL_62,15020.0
58,KOL_4,6940.0
59,KOL_9,31920.0
59,New Wallet_93,23180.0
60,New Wallet_56,21290.0
60,New Wallet_124,10340.0
61,New Wallet_102,28150.0
61,KOL_4,5890.0
62,New Wallet_124,14250.0
62,KOL_9,12760.0
63,New Wallet_56,25280.0
63,KOL_103,15750.0
64,New Wallet_35,22450.0
64,New Wallet_17,12940.0
65,New Wallet_13,33290.0
65,KOL_4,28340.0
66,KOL_4,32950.0
66,New Wallet_13,33290.0
67,KOL_9,17680.0
67,KOL_103,11530.0
68,New Wallet_13,13330.0
68,New Wallet_17,15070.0
69,KOL_62,16830.0
69,KOL_4,7500.0
70,New Wallet_13,17710.0
70,KOL_4,8170.0
71,KOL_4,26140.0
71,New Wallet_17,18000.0
71,New Wallet_13,17710.0
72,New Wallet_124,21780.0
72,New Wallet_56,12000.0
72,New Wallet_82,8840.0
73,New Wallet_9,14600.0
73,New Wallet_8,11710.0
73,New Wallet_13,8150.0
74,New Wallet_82,22420.0
74,KOL_4,5880.0
75,New Wallet_82,28150.0
75,KOL_39,28470.0
75,KOL_4,5880.0
76,New Wallet_9,30400.0
76,New Wallet_8,40150.0
77,New Wallet_33,27370.0
77,New Wallet_9,31590.0
78,New Wallet_33,15930.0
78,New Wallet_9,31590.0
79,New Wallet_56,18690.0
79,New Wallet_82,13920.0
80,New Wallet_17,13420.0
80,New Wallet_21,11820.0
81,KOL_4,13690.0
81,New Wallet_82,10000.0
82,New Wallet_9,17420.0
82,KOL_4,5760.0
83,New Wallet_87,19980.0
83,New Wallet_15,69250.0
84,New Wallet_29,12170.0
84,New Wallet_5,6480.0
85,KOL_46,12250.0
85,New Wallet_5,8880.0
86,KOL_54,23030.0
86,New Wallet_5,18080.0
87,New Wallet_52,12290.0
87,New Wallet_23,7760.0
88,New Wallet_5,19600.0
88,New Wallet_23,7740.0
89,New Wallet_5,15350.0
89,New Wallet_23,8460.0
90,New Wallet_9,16520.0
90,New Wallet_5,16750.0
90,New Wallet_23,8460.0
91,New Wallet_5,31360.0
91,New Wallet_14,21130.0
92,New Wallet_9,16379.999999999998
92,New Wallet_52,16830.0
93,KOL_19,32479.999999999996
93,New Wallet_9,16379.999999999998
94,New Wallet_9,24120.0
94,New Wallet_14,23710.0
95,New Wallet_23,12410.0
95,KOL_19,11010.0
96,New Wallet_58,15130.0
96,KOL_18,8260.0
97,New Wallet_23,22640.0
97,New Wallet_58,15130.0
98,KOL_54,16970.0
98,New Wallet_5,9900.0
99,New Wallet_9,12990.0
99,New Wallet_5,6960.0
100,New Wallet_9,17450.0
100,New Wallet_23,15210.0
101,New Wallet_60,29710.0
101,New Wallet_23,10880.0
101,KOL_1,10060.0
102,KOL_55,17190.0
102,KOL_13,21470.0
103,New Wallet_9,12590.0
103,New Wallet_30,10660.0
103,New Wallet_5,8460.0
103,KOL_10,6260.0
104,KOL_54,18720.0
104,New Wallet_9,12590.0
105,KOL_13,13680.0
105,New Wallet_5,10100.0
105,KOL_21,6410.0
105,KOL_1,8100.0
106,New Wallet_5,22530.0
106,New Wallet_30,11870.0
107,KOL_1,15700.0
107,KOL_10,17310.0
107,KOL_21,10980.0
108,New Wallet_12,12960.0
108,KOL_1,15700.0
108,KOL_10,17310.0
109,KOL_1,30260.0
109,New Wallet_12,12960.0
110,KOL_54,17860.0
110,KOL_1,8119.999999999999
110,KOL_21,6840.0
111,KOL_29,15110.0
111,KOL_54,17860.0
111,KOL_1,8119.999999999999
112,KOL_1,12880.0
112,New Wallet_5,10360.0
113,KOL_21,26280.0
113,New Wallet_5,25390.0
114,KOL_103,15670.0
114,KOL_10,11830.0
114,New Wallet_5,10100.0
115,New Wallet_12,24350.0
115,KOL_103,15670.0
115,KOL_10,11830.0
115,New Wallet_5,10100.0
116,KOL_103,22020.0
116,New Wallet_12,24350.0
117,KOL_29,34950.0
117,New Wallet_9,13000.0
118,New Wallet_12,13640.0
118,New Wallet_9,15030.0
119,New Wallet_12,16140.0
119,KOL_29,17290.0
119,KOL_1,15170.0
120,New Wallet_66,28850.0
120,New Wallet_12,16140.0
120,KOL_29,17290.0
120,KOL_1,15170.0
121,New Wallet_5,15250.0
121,KOL_21,6410.0
122,New Wallet_55,31480.0
122,New Wallet_5,10520.0
123,KOL_21,34630.0
123,New Wallet_22,25810.0
123,New Wallet_23,13180.0
124,New Wallet_76,34690.0
124,KOL_21,34630.0
125,KOL_1,31290.0
125,New Wallet_76,34690.0
125,KOL_21,34630.0
126,KOL_103,18020.0
126,KOL_21,8820.0
126,KOL_1,6180.0
127,KOL_55,24060.0
127,KOL_103,22760.0
127,KOL_34,22040.0
127,KOL_21,8820.0
127,KOL_1,6180.0
128,New Wallet_12,18160.0
128,KOL_55,24060.0
128,KOL_13,24730.0
128,KOL_103,22760.0
128,KOL_34,22040.0
128,KOL_21,8820.0
128,KOL_1,6180.0
129,KOL_34,14900.0
129,New Wallet_12,11830.0
129,New Wallet_18,13250.0
129,New Wallet_58,8600.0
129,New Wallet_22,8039.999999999999
129,KOL_21,6160.0
130,New Wallet_23,17310.0
130,KOL_35,9410.0
131,New Wallet_16,18100.0
131,New Wallet_50,10240.0
131,New Wallet_7,7190.0
132,KOL_27,13260.0
132,New Wallet_58,7200.0
133,New Wallet_12,16410.0
133,KOL_27,11040.0
134,New Wallet_9,14250.0
134,New Wallet_12,16410.0
134,KOL_27,11040.0
135,KOL_21,15090.0
135,New Wallet_9,14250.0
136,New Wallet_18,14630.0
136,KOL_1,13450.0
137,New Wallet_73,25310.0
137,KOL_38,9870.0
137,New Wallet_50,8790.0
138,KOL_27,20350.0
138,New Wallet_30,18080.0
139,New Wallet_18,16970.0
139,KOL_23,12500.0
139,New Wallet_16,14540.0
140,KOL_1,15610.0
140,New Wallet_5,17260.0
141,New Wallet_5,16230.0
141,New Wallet_16,20960.0
141,New Wallet_7,17480.0
141,New Wallet_12,12800.0
141,KOL_1,15610.0
142,New Wallet_76,22960.0
142,New Wallet_9,16500.0
143,New Wallet_51,21580.0
143,New Wallet_76,22960.0
144,New Wallet_5,14760.0
144,KOL_19,11150.0
145,KOL_60,17300.0
145,New Wallet_30,25960.0
146,New Wallet_12,12860.0
146,New Wallet_50,19580.0
147,KOL_19,21180.0
147,New Wallet_16,33850.0
148,New Wallet_22,33300.0
148,KOL_45,14120.0
149,New Wallet_12,21630.0
149,KOL_34,21720.0
150,New Wallet_16,15710.0
150,KOL_1,7320.0
151,New Wallet_12,28120.0
151,KOL_103,34880.0
151,New Wallet_16,15710.0
151,KOL_1,7320.0
152,New Wallet_12,19120.0
152,New Wallet_60,12550.0
153,New Wallet_35,19940.0
153,KOL_1,13130.0
154,New Wallet_76,23330.0
154,New Wallet_26,23080.0
154,New Wallet_35,19940.0
154,KOL_1,13130.0
155,New Wallet_52,20470.0
155,KOL_3,13300.0
156,New Wallet_26,26420.0
156,KOL_3,10350.0
157,KOL_1,33330.0
157,New Wallet_22,28180.0
158,New Wallet_43,17240.0
158,New Wallet_44,9370.0
159,New Wallet_43,16170.000000000002
159,New Wallet_44,9370.0
160,New Wallet_35,13770.0
160,KOL_14,14090.0
160,KOL_3,9320.0
161,New Wallet_16,19190.0
161,New Wallet_5,8630.0
162,KOL_103,20080.0
162,New Wallet_9,15480.0
163,New Wallet_11,14800.0
163,New Wallet_9,11320.0
164,KOL_103,13750.0
164,KOL_1,10420.0
165,KOL_3,28350.0
165,KOL_64,9510.0
166,KOL_3,13940.0
166,New Wallet_23,15410.0
166,KOL_64,9510.0
167,New Wallet_32,15920.0
167,KOL_42,16930.0
167,KOL_21,12390.0
167,New Wallet_3,7820.0
167,KOL_1,5890.0
168,KOL_42,13880.0
168,New Wallet_32,15920.0
169,New Wallet_2,13180.0
169,New Wallet_3,5680.0
170,New Wallet_68,30160.0
170,New Wallet_66,47990.0
171,New Wallet_57,13530.0
171,KOL_25,9720.0
171,KOL_1,11100.0
171,KOL_11,7960.0
172,New Wallet_12,29340.0
172,New Wallet_2,47560.0
172,New Wallet_22,16129.999999999998
173,KOL_51,14100.0
173,KOL_11,13980.0
174,KOL_10,16650.0
174,KOL_11,19720.0
174,KOL_51,14100.0
175,New Wallet_19,25270.0
175,KOL_2,28560.0
176,New Wallet_3,12070.0
176,KOL_21,9270.0
177,New Wallet_3,13820.0
177,KOL_11,12730.0
178,New Wallet_12,14480.0
178,New Wallet_4,11620.0
178,KOL_1,7920.0
179,New Wallet_47,16270.0
179,New Wallet_12,14480.0
179,New Wallet_4,11620.0
179,KOL_1,7920.0
180,New Wallet_12,20100.0
180,New Wallet_32,15010.0
181,New Wallet_32,22460.0
181,New Wallet_30,19280.0
182,New Wallet_47,16910.0
182,New Wallet_3,12620.0
183,New Wallet_12,31060.0
183,New Wallet_30,33070.0
183,KOL_34,28310.0
183,New Wallet_22,20320.0
183,New Wallet_52,8290.0
183,New Wallet_47,10910.0
184,KOL_19,26180.0
184,New Wallet_19,29790.0
185,KOL_11,15490.0
185,KOL_1,7930.0
186,New Wallet_68,17260.0
186,KOL_11,24700.0
186,KOL_19,20510.0
186,New Wallet_4,38560.0
186,New Wallet_7,35120.0
186,KOL_1,7930.0
187,New Wallet_32,24340.0
187,New Wallet_50,6380.0
188,KOL_10,28420.0
188,New Wallet_32,12720.0
188,KOL_35,10800.0
189,New Wallet_50,12140.0
189,New Wallet_4,7530.0
189,KOL_14,6860.0
190,KOL_32,27410.0
190,KOL_11,40640.0
191,KOL_35,19990.0
191,KOL_32,27410.0
192,New Wallet_80,21870.0
192,KOL_11,10770.0
192,KOL_27,10950.0
193,New Wallet_23,16650.0
193,KOL_11,14710.0
193,KOL_32,5920.0
194,KOL_7,31200.0
194,KOL_11,25160.0
195,New Wallet_7,12770.0
195,KOL_14,7400.0
196,New Wallet_68,31580.0
196,KOL_32,34830.0
197,New Wallet_60,34940.0
197,New Wallet_89,10280.0
198,KOL_32,21300.0
198,KOL_27,12620.0
198,New Wallet_10,10880.0
199,New Wallet_52,20190.0
199,New Wallet_9,15200.0
200,New Wallet_32,15850.0
200,KOL_14,8920.0
201,New Wallet_7,13860.0
201,New Wallet_4,21850.0
202,New Wallet_9,14250.0
202,KOL_27,22990.0
203,New Wallet_9,23760.0
203,New Wallet_2,21910.0
203,New Wallet_23,14560.0
204,New Wallet_19,31580.0
204,New Wallet_50,41230.0
204,New Wallet_2,34000.0
205,KOL_38,24400.0
205,New Wallet_19,31580.0
206,New Wallet_50,25460.0
206,New Wallet_2,28730.0
207,New Wallet_19,18940.0
207,New Wallet_35,21040.0
208,New Wallet_4,12730.0
208,New Wallet_2,10450.0
208,New Wallet_91,10150.0
209,New Wallet_2,20680.0
209,New Wallet_4,11330.0
209,New Wallet_38,13810.0
210,New Wallet_32,13720.0
210,New Wallet_57,7920.0
211,New Wallet_4,18530.0
211,New Wallet_2,15640.0
212,New Wallet_7,20220.0
212,New Wallet_4,7650.0
213,KOL_64,13020.0
213,New Wallet_50,8060.000000000001
214,New Wallet_19,17750.0
214,New Wallet_2,6350.0
215,New Wallet_4,29950.0
215,New Wallet_7,31130.0
216,New Wallet_28,20340.0
216,New Wallet_2,16880.0
216,New Wallet_4,13710.0
216,New Wallet_7,27170.0
217,New Wallet_7,12350.0
217,KOL_32,13650.0
217,New Wallet_2,10660.0
218,KOL_64,13540.0
218,KOL_1,7850.0
219,KOL_59,16390.0
219,New Wallet_4,9960.0
220,New Wallet_7,23200.0
220,New Wallet_4,12200.0
221,New Wallet_14,21070.0
221,KOL_11,29150.0
221,New Wallet_2,20380.0
221,New Wallet_47,47390.0
221,New Wallet_7,24560.0
221,New Wallet_4,12200.0
222,KOL_1,14060.0
222,New Wallet_2,10460.0
223,KOL_22,32729.999999999996
223,New Wallet_31,31950.0
223,KOL_31,30080.0
224,New Wallet_14,16210.0
224,New Wallet_4,9640.0
224,New Wallet_3,9000.0
225,New Wallet_2,17840.0
225,KOL_23,21940.0
226,KOL_64,17550.0
226,New Wallet_2,11430.0
227,New Wallet_20,17280.0
227,New Wallet_2,21410.0
227,KOL_64,17550.0
228,New Wallet_14,15150.0
228,New Wallet_2,22010.0
229,New Wallet_14,13150.0
229,New Wallet_3,18660.0
230,New Wallet_32,18340.0
230,KOL_35,11560.0
231,New Wallet_3,15110.0
231,New Wallet_14,17330.0
232,New Wallet_14,22820.0
232,KOL_16,41100.0
232,KOL_7,79410.0
232,New Wallet_2,54320.0
232,KOL_35,36450.0
233,KOL_89,26380.0
233,New Wallet_38,23010.0
234,New Wallet_35,19480.0
234,KOL_64,13010.0
235,New Wallet_3,13240.0
235,New Wallet_20,9920.0
235,KOL_23,11310.0
236,New Wallet_7,29220.0
236,New Wallet_14,54680.0
236,New Wallet_2,127440.0
236,KOL_11,147750.0
236,New Wallet_68,89210.0
236,New Wallet_90,141560.0
236,KOL_22,118460.0
237,New Wallet_4,24370.0
237,New Wallet_38,17400.0
238,New Wallet_3,13340.0
238,New Wallet_32,9580.0
238,New Wallet_14,18160.0
238,New Wallet_4,24370.0
238,New Wallet_38,17400.0
239,New Wallet_20,33350.0
239,New Wallet_4,27530.0
239,KOL_22,13050.0
240,New Wallet_23,20400.0
240,New Wallet_14,14660.0
240,New Wallet_50,12490.0
241,New Wallet_4,19250.0
241,New Wallet_3,17340.0
242,New Wallet_14,28900.0
242,KOL_20,61900.0
242,New Wallet_7,80700.0
243,New Wallet_52,22000.0
243,New Wallet_36,18530.0
243,KOL_20,36630.0
243,KOL_7,34020.0
243,KOL_16,29460.0
243,New Wallet_19,14400.0
243,New Wallet_47,12110.0
243,KOL_4,6760.0
244,New Wallet_14,22370.0
244,New Wallet_20,12930.0
244,New Wallet_43,11080.0
244,KOL_64,8280.0
245,New Wallet_43,18740.0
245,New Wallet_20,21690.0
245,KOL_2,15600.0
245,New Wallet_14,25870.0
245,KOL_64,8280.0
246,KOL_64,29810.0
246,New Wallet_14,48690.0
246,New Wallet_41,57060.0
246,KOL_7,46250.0
247,KOL_7,12460.0
247,KOL_17,5220.0
247,New Wallet_50,11640.0
247,New Wallet_154,22450.0
247,New Wallet_60,38900.0
248,KOL_78,13040.0
248,KOL_1,40210.0
248,New Wallet_41,40100.0
249,New Wallet_34,31950.0
249,New Wallet_35,24150.0
250,New Wallet_2,12860.0
250,KOL_4,5290.0
251,KOL_7,30720.0
251,KOL_2,20730.0
251,New Wallet_4,34880.0
251,New Wallet_20,61210.0
251,New Wallet_62,23460.0
251,New Wallet_47,9210.0
252,New Wallet_19,24410.0
252,New Wallet_60,62380.0
252,New Wallet_50,78450.0
252,KOL_2,67200.0
252,New Wallet_15,79600.0
252,New Wallet_154,61960.0
252,KOL_7,51470.0
252,New Wallet_4,57210.0
252,New Wallet_22,50020.0
252,New Wallet_2,31700.0
252,New Wallet_7,25880.0
253,New Wallet_20,14930.0
253,New Wallet_14,11440.0
253,KOL_4,8670.0
254,New Wallet_4,13210.0
254,KOL_22,8930.0
254,KOL_16,8330.0
255,New Wallet_36,20190.0
255,New Wallet_14,43250.0
256,New Wallet_43,13500.0
256,New Wallet_91,19990.0
256,New Wallet_2,15180.0
256,KOL_7,222770.0
256,New Wallet_26,199190.0
257,New Wallet_3,12120.0
257,New Wallet_4,7510.0
258,KOL_2,22990.0
258,New Wallet_14,19660.0
258,New Wallet_43,13500.0
259,New Wallet_47,24680.0
259,New Wallet_14,42830.0
259,New Wallet_40,37310.0
259,KOL_59,20080.0
259,New Wallet_154,14480.0
259,New Wallet_35,25750.0
260,New Wallet_47,24680.0
260,New Wallet_14,42830.0
260,New Wallet_40,37310.0
260,KOL_59,20080.0
260,New Wallet_154,14480.0
260,New Wallet_35,25750.0
261,KOL_54,15360.0
261,New Wallet_14,26850.0
262,New Wallet_35,14530.0
262,New Wallet_124,8330.0
263,New Wallet_109,20090.0
263,KOL_7,31530.0
263,New Wallet_38,29580.0
263,New Wallet_26,25750.0
263,New Wallet_35,14530.0
263,New Wallet_124,8330.0
264,KOL_23,21120.0
264,KOL_64,14200.0
264,New Wallet_7,20280.0
264,New Wallet_3,16230.0
264,New Wallet_14,7780.0
265,New Wallet_5,32820.0
265,KOL_64,25820.0
266,KOL_7,27170.0
266,KOL_32,43240.0
266,New Wallet_5,51990.0
266,KOL_59,49730.0
267,KOL_1,21190.0
267,New Wallet_10,7300.0
268,New Wallet_32,19120.0
268,KOL_22,23450.0
268,KOL_32,11100.0
269,New Wallet_9,34490.0
269,New Wallet_14,45920.0
270,New Wallet_36,28090.0
270,New Wallet_52,48500.0
271,New Wallet_5,14250.0
271,New Wallet_124,6180.0
272,New Wallet_7,16180.0
272,New Wallet_124,13480.0
272,New Wallet_5,16830.0
273,KOL_64,15450.0
273,New Wallet_124,7780.0
274,KOL_64,21770.0
274,New Wallet_5,9030.0
275,KOL_23,12640.0
275,New Wallet_124,10120.0
276,KOL_23,19760.0
276,New Wallet_7,15320.0
276,KOL_3,11290.0
276,New Wallet_5,8280.0
277,New Wallet_9,13400.0
277,New Wallet_14,12900.0
278,New Wallet_32,16160.0
278,New Wallet_9,13400.0
279,New Wallet_10,15570.0
279,New Wallet_32,16160.0
280,KOL_32,25860.0
280,KOL_11,28470.0
281,KOL_32,23200.0
281,New Wallet_23,7720.0
282,New Wallet_5,12960.0
282,KOL_4,5830.0
283,New Wallet_8,21150.0
283,New Wallet_5,12960.0
283,KOL_4,5830.0
284,KOL_5,16219.999999999998
284,New Wallet_15,82810.0
284,New Wallet_17,29610.0
285,New Wallet_14,15530.0
285,New Wallet_48,21260.0
286,New Wallet_8,31310.0
286,New Wallet_14,16219.999999999998
286,KOL_25,38750.0
287,New Wallet_5,15570.0
287,New Wallet_1,10520.0
288,New Wallet_17,21180.0
288,New Wallet_41,20930.0
288,KOL_32,14070.0
288,KOL_11,10890.0
288,New Wallet_14,13390.0
288,KOL_6,11870.0
288,KOL_14,7370.0
288,New Wallet_124,6720.0
289,New Wallet_20,16480.0
289,New Wallet_124,11080.0
289,New Wallet_35,22130.0
290,KOL_32,22340.0
290,New Wallet_124,25800.0
290,New Wallet_5,7680.0
291,New Wallet_20,12900.0
291,New Wallet_124,8330.0
292,KOL_4,13310.0
292,New Wallet_8,18950.0
293,New Wallet_124,34040.0
293,New Wallet_5,20520.0
294,New Wallet_1,20570.0
294,New Wallet_124,15790.0
295,KOL_3,24390.0
295,New Wallet_91,22740.0
296,New Wallet_40,19960.0
296,New Wallet_56,13360.0
297,New Wallet_8,26290.0
297,New Wallet_14,42000.0
297,New Wallet_15,72500.0
297,New Wallet_53,53340.0
297,New Wallet_37,54360.0
297,New Wallet_54,55400.0
297,KOL_22,42140.0
297,KOL_9,27560.0
297,New Wallet_56,29570.0
297,New Wallet_40,19960.0
298,New Wallet_35,13500.0
298,New Wallet_40,7660.0
298,New Wallet_124,8039.999999999999
299,New Wallet_1,21350.0
299,KOL_3,13850.0
299,KOL_1,12320.0
300,New Wallet_1,31620.0
300,New Wallet_20,20460.0
300,KOL_32,25240.0
300,New Wallet_124,11730.0
300,KOL_64,10980.0
301,KOL_23,15850.0
301,New Wallet_5,15720.0
302,KOL_64,11440.0
302,KOL_1,14010.0
303,New Wallet_1,12440.0
303,KOL_4,6940.0
304,New Wallet_57,24870.0
304,KOL_64,9320.0
304,KOL_6,9920.0
305,KOL_3,16810.0
305,KOL_1,7630.0
306,KOL_27,16090.0
306,New Wallet_10,11460.0
307,KOL_11,30130.0
307,New Wallet_124,10130.0
308,KOL_3,28670.0
308,New Wallet_88,22140.0
309,KOL_27,23200.0
309,New Wallet_88,28310.0
309,New Wallet_17,29140.0
309,KOL_3,28670.0
310,New Wallet_17,15390.0
310,New Wallet_30,14600.0
311,New Wallet_1,12370.0
311,New Wallet_102,10560.0
311,New Wallet_124,5380.0
312,KOL_11,20910.0
312,New Wallet_5,18010.0
313,KOL_3,15640.0
313,New Wallet_124,10230.0
314,KOL_17,19760.0
314,New Wallet_1,21350.0
315,New Wallet_10,14320.0
315,KOL_27,12300.0
316,KOL_2,14450.0
316,New Wallet_1,8720.0
317,New Wallet_22,21120.0
317,New Wallet_20,12240.0
318,New Wallet_30,17990.0
318,New Wallet_5,11710.0
319,New Wallet_5,20180.0
319,KOL_2,23890.0
319,KOL_11,67930.0
319,New Wallet_17,54120.0
319,New Wallet_14,43110.0
319,New Wallet_22,21120.0
319,New Wallet_20,12240.0
320,New Wallet_14,32070.0
320,New Wallet_41,28700.0
320,KOL_22,20300.0
320,KOL_2,19440.0
320,KOL_11,11240.0
321,New Wallet_35,24600.0
321,New Wallet_124,51610.0
321,New Wallet_41,52150.0
322,New Wallet_8,14010.0
322,New Wallet_22,5250.0
323,New Wallet_5,22190.0
323,New Wallet_8,23330.0
324,New Wallet_17,14620.0
324,New Wallet_5,22190.0
324,New Wallet_8,23330.0
325,KOL_2,24480.0
325,New Wallet_66,56030.0
325,New Wallet_8,51290.0
325,New Wallet_1,73810.0
325,New Wallet_41,64650.00000000001
325,New Wallet_21,26850.0
326,KOL_2,28500.0
326,New Wallet_15,99790.0
326,New Wallet_23,36280.0
327,KOL_23,12020.0
327,New Wallet_87,6410.0
327,KOL_16,5310.0
328,KOL_27,12130.0
328,KOL_16,6450.0
329,New Wallet_1,19600.0
329,New Wallet_5,62150.0
330,New Wallet_21,26020.0
330,KOL_3,7930.0
331,New Wallet_23,14540.0
331,New Wallet_5,6870.0
332,New Wallet_1,16610.0
332,New Wallet_14,11850.0
332,KOL_3,10090.0
332,New Wallet_21,15040.0
332,New Wallet_17,11410.0
333,KOL_3,12950.0
333,KOL_2,11710.0
333,New Wallet_35,16450.0
333,New Wallet_21,16940.0
333,New Wallet_17,12390.0
334,KOL_23,13200.0
334,KOL_3,11970.0
334,New Wallet_102,6160.0
334,New Wallet_82,5110.0
335,New Wallet_27,21640.0
335,New Wallet_1,9430.0
336,New Wallet_14,13020.0
336,New Wallet_30,11780.0
337,New Wallet_20,31130.0
337,New Wallet_124,12130.0
338,New Wallet_20,25220.0
338,New Wallet_1,12570.0
339,KOL_22,33950.0
339,New Wallet_17,18580.0
339,KOL_1,11890.0
339,New Wallet_124,16540.0
340,New Wallet_26,27330.0
340,KOL_3,9100.0
341,New Wallet_33,18350.0
341,New Wallet_36,21030.0
342,KOL_48,23680.0
342,New Wallet_17,51250.0
342,KOL_1,47270.0
343,New Wallet_124,12650.0
343,New Wallet_20,9640.0
343,New Wallet_34,6930.0
344,New Wallet_23,24320.0
344,New Wallet_38,8680.0
345,New Wallet_124,13380.0
345,KOL_22,14230.0
346,New Wallet_35,33850.0
346,New Wallet_1,44450.0
347,New Wallet_124,16690.0
347,New Wallet_5,26850.0
347,KOL_1,27420.0
347,KOL_9,13730.0
347,KOL_23,10630.0
347,KOL_22,12540.0
348,New Wallet_8,31330.0
348,KOL_11,34440.0
349,New Wallet_81,19150.0
349,KOL_22,22070.0
350,New Wallet_8,23760.0
350,New Wallet_1,35470.0
351,New Wallet_23,20100.0
351,New Wallet_124,8550.0
352,New Wallet_8,19030.0
352,New Wallet_1,11410.0
352,KOL_11,12880.0
353,New Wallet_124,25820.0
353,New Wallet_8,23960.0
353,KOL_11,12880.0
353,New Wallet_1,11410.0
354,New Wallet_1,13900.0
354,KOL_1,25510.0
355,New Wallet_124,23890.0
355,New Wallet_1,16580.0
356,New Wallet_22,26930.0
356,New Wallet_17,17030.0
357,New Wallet_124,28590.0
357,New Wallet_20,15830.0
358,New Wallet_1,12380.0
358,KOL_9,19740.0
358,New Wallet_124,12520.0
359,New Wallet_71,23040.0
359,New Wallet_8,50320.0
359,KOL_2,78860.0
359,New Wallet_27,77080.0
359,New Wallet_26,72680.0
359,KOL_11,74420.0
359,New Wallet_1,37340.0
359,KOL_22,25760.0
360,New Wallet_1,21430.0
360,New Wallet_124,5980.0
361,New Wallet_8,18900.0
361,KOL_77,11900.0
361,New Wallet_124,15430.0
361,New Wallet_1,21430.0
362,KOL_12,17510.0
362,New Wallet_8,18900.0
362,KOL_77,11900.0
363,New Wallet_19,24280.0
363,KOL_27,36440.0
363,New Wallet_124,40260.0
363,New Wallet_17,30800.0
364,New Wallet_28,24740.0
364,New Wallet_124,18090.0
365,New Wallet_1,14770.0
365,New Wallet_8,13780.0
366,New Wallet_38,27710.0
366,New Wallet_124,12780.0
367,New Wallet_28,17540.0
367,KOL_4,5480.0
368,KOL_4,19170.0
368,New Wallet_28,17960.0
369,New Wallet_34,27080.0
369,New Wallet_20,22500.0
370,New Wallet_1,17960.0
370,KOL_15,21800.0
371,New Wallet_20,9040.0
371,New Wallet_1,12530.0
371,KOL_1,5930.0
371,New Wallet_124,5680.0
372,New Wallet_11,14100.0
372,New Wallet_1,12700.0
373,New Wallet_38,29940.0
373,New Wallet_44,23680.0
374,New Wallet_44,19620.0
374,New Wallet_38,29940.0
375,KOL_18,19020.0
375,New Wallet_33,19430.0
376,New Wallet_30,14160.0
376,New Wallet_124,9380.0
376,KOL_6,8000.0
377,New Wallet_10,13300.0
377,New Wallet_11,17570.0
377,New Wallet_30,14160.0
377,KOL_6,8000.0
377,New Wallet_124,9380.0
378,New Wallet_124,24600.0
378,New Wallet_38,12920.0
379,New Wallet_124,28340.0
379,New Wallet_1,16700.0
380,New Wallet_8,32430.0
380,New Wallet_38,56400.0
380,KOL_3,41970.0
380,New Wallet_5,22110.0
380,New Wallet_1,23390.0
380,New Wallet_124,7430.0
381,New Wallet_1,14860.0
381,KOL_22,25260.0
382,KOL_51,20500.0
382,KOL_3,10280.0
382,New Wallet_41,7780.0
382,New Wallet_8,34570.0
382,New Wallet_124,28400.0
382,New Wallet_1,30290.0
383,New Wallet_124,20350.0
383,New Wallet_5,11110.0
384,New Wallet_1,23900.0
384,New Wallet_58,19240.0
385,New Wallet_30,24860.0
385,New Wallet_1,29130.0
385,New Wallet_22,21750.0
386,New Wallet_17,16329.999999999998
386,New Wallet_1,19060.0
387,New Wallet_1,18410.0
387,New Wallet_11,11200.0
387,New Wallet_124,7210.0
388,New Wallet_11,16540.0
388,New Wallet_5,15840.0
388,New Wallet_23,15550.0
388,New Wallet_1,8330.0
389,KOL_6,30490.0
389,New Wallet_124,27510.0
389,New Wallet_23,30510.0
389,New Wallet_38,17210.0
389,KOL_3,9720.0
390,New Wallet_1,13150.0
390,New Wallet_11,11910.0
390,New Wallet_5,8960.0
390,New Wallet_124,7640.0
391,New Wallet_1,15820.0
391,New Wallet_5,12680.0
392,New Wallet_17,24170.0
392,New Wallet_35,18390.0
392,New Wallet_5,17190.0
392,New Wallet_30,18690.0
392,New Wallet_1,15820.0
393,New Wallet_1,15420.0
393,New Wallet_81,8530.0
394,New Wallet_11,13750.0
394,KOL_22,14130.0
394,New Wallet_1,10230.0
394,New Wallet_5,13390.0
394,New Wallet_23,8140.000000000001
395,New Wallet_23,12270.0
395,New Wallet_28,8730.0
395,KOL_1,9660.0
396,KOL_68,12980.0
396,New Wallet_5,11950.0
397,New Wallet_40,13760.0
397,New Wallet_53,10010.0
397,New Wallet_54,11900.0
397,New Wallet_37,8280.0
398,New Wallet_40,32450.000000000004
398,New Wallet_1,36190.0
399,KOL_22,17630.0
399,New Wallet_35,13580.0
400,KOL_3,13700.0
400,New Wallet_1,9640.0
401,KOL_3,26430.0
401,New Wallet_1,9640.0
402,KOL_20,24170.0
402,KOL_3,26430.0
403,New Wallet_5,17040.0
403,KOL_17,8990.0
404,KOL_9,24690.0
404,New Wallet_1,29310.0
405,New Wallet_1,15360.0
405,New Wallet_124,6430.0
406,New Wallet_1,17800.0
406,New Wallet_124,6430.0
407,New Wallet_19,17640.0
407,KOL_68,11530.0
408,New Wallet_40,15500.0
408,New Wallet_35,11940.0
408,New Wallet_20,7670.0
408,New Wallet_124,7900.0
409,New Wallet_19,26260.0
409,KOL_38,18190.0
410,KOL_6,21750.0
410,New Wallet_31,18320.0
411,New Wallet_31,17080.0
411,KOL_6,21750.0
412,New Wallet_19,32240.000000000004
412,KOL_68,26710.0
413,New Wallet_17,12190.0
413,New Wallet_7,8330.0
414,KOL_3,20130.0
414,New Wallet_17,11210.0
415,New Wallet_5,23750.0
415,New Wallet_28,8000.0
416,New Wallet_28,28730.0
416,New Wallet_5,23750.0
417,New Wallet_31,15960.0
417,New Wallet_17,110070.0
417,New Wallet_48,48820.0
417,New Wallet_1,38000.0
418,New Wallet_31,18960.0
418,New Wallet_5,7860.0
419,New Wallet_40,19600.0
419,New Wallet_5,14870.0
419,New Wallet_1,8200.0
420,New Wallet_31,17400.0
420,New Wallet_9,18500.0
421,New Wallet_31,14540.0
421,KOL_6,14510.0
421,New Wallet_5,10570.0
422,New Wallet_1,17110.0
422,New Wallet_28,9460.0
422,New Wallet_5,7430.0
423,New Wallet_1,17430.0
423,New Wallet_5,7540.0
424,New Wallet_17,12210.0
424,KOL_3,8390.0
425,New Wallet_21,28370.0
425,New Wallet_17,19110.0
426,KOL_3,24060.0
426,New Wallet_5,13870.0
427,KOL_3,24910.0
427,New Wallet_5,13870.0
428,New Wallet_13,18080.0
428,New Wallet_21,18370.0
429,New Wallet_13,34040.0
429,New Wallet_17,53140.0
430,New Wallet_1,15940.0
430,New Wallet_31,17020.0
430,New Wallet_13,34040.0
430,New Wallet_17,53140.0
431,New Wallet_56,31290.0
431,New Wallet_21,12560.0
432,New Wallet_7,25300.0
432,New Wallet_1,25220.0
433,New Wallet_1,29970.0
433,New Wallet_40,8200.0
434,KOL_4,22960.0
434,New Wallet_28,24520.0
434,New Wallet_48,8220.0
435,KOL_20,24440.0
435,KOL_3,14370.0
435,KOL_4,22960.0
435,New Wallet_28,24520.0
436,New Wallet_5,16790.0
436,New Wallet_1,10920.0
437,New Wallet_9,17230.0
437,New Wallet_5,43970.0
438,New Wallet_56,13470.0
438,New Wallet_17,11370.0
438,New Wallet_5,9730.0
439,KOL_38,15440.0
439,New Wallet_40,10880.0
440,KOL_10,18120.0
440,New Wallet_9,13200.0
441,New Wallet_17,20410.0
441,KOL_10,18120.0
442,New Wallet_9,21580.0
442,New Wallet_7,25070.0
443,New Wallet_5,27280.0
443,New Wallet_124,10000.0
443,New Wallet_40,8760.0
443,New Wallet_56,6180.0
444,New Wallet_9,15310.0
444,New Wallet_17,18880.0
445,New Wallet_1,29610.0
445,New Wallet_17,46730.0
445,New Wallet_21,43980.0
445,New Wallet_22,25960.0
446,New Wallet_9,15010.0
446,New Wallet_17,18880.0
447,New Wallet_5,29360.0
447,New Wallet_56,84570.0
448,New Wallet_31,34660.0
448,New Wallet_21,43890.0
449,New Wallet_5,13300.0
449,New Wallet_17,9090.0
450,New Wallet_50,29750.0
450,New Wallet_89,17550.0
451,New Wallet_21,18770.0
451,New Wallet_5,9860.0
452,New Wallet_89,13730.0
452,New Wallet_5,10760.0
452,New Wallet_13,9120.0
453,New Wallet_9,14870.0
453,New Wallet_5,8550.0
454,KOL_47,20670.0
454,New Wallet_21,11680.0
455,New Wallet_17,18420.0
455,New Wallet_8,31520.0
455,KOL_47,20670.0
456,New Wallet_17,21570.0
456,New Wallet_31,14130.0
457,New Wallet_5,16740.0
457,New Wallet_21,14100.0
458,New Wallet_9,14080.0
458,New Wallet_17,21570.0
459,New Wallet_21,17600.0
459,New Wallet_8,20380.0
460,KOL_4,13380.0
460,New Wallet_40,17550.0
461,New Wallet_31,15270.0
461,New Wallet_21,11850.0
462,New Wallet_9,17280.0
462,New Wallet_31,15270.0
462,New Wallet_21,11850.0
463,New Wallet_17,18170.0
463,New Wallet_29,11880.0
463,KOL_4,5510.0
464,New Wallet_56,15170.0
464,New Wallet_40,10480.0
464,KOL_4,6570.0
465,New Wallet_40,29600.0
465,KOL_4,15550.0
466,KOL_62,28720.0
466,New Wallet_8,37280.0
466,New Wallet_5,16620.0
467,KOL_31,12110.0
467,New Wallet_1,17960.0
468,New Wallet_58,25670.0
468,New Wallet_1,9260.0
469,New Wallet_33,18410.0
469,New Wallet_8,17700.0
470,New Wallet_23,18380.0
470,New Wallet_8,21270.0
470,New Wallet_33,18410.0
471,New Wallet_9,21530.0
471,New Wallet_23,18380.0
472,New Wallet_54,30330.0
472,New Wallet_37,28810.0
473,New Wallet_5,31280.0
473,KOL_7,60710.0
474,New Wallet_1,14470.0
474,New Wallet_36,13550.0
475,New Wallet_1,14470.0
475,New Wallet_36,13550.0
476,New Wallet_33,16350.000000000002
476,New Wallet_1,14470.0
477,New Wallet_50,19190.0
477,New Wallet_36,15480.0
478,KOL_14,12380.0
478,KOL_1,9160.0
478,New Wallet_1,6910.0
479,New Wallet_58,19060.0
479,New Wallet_9,14730.0
480,New Wallet_1,16690.0
480,KOL_25,11650.0
481,New Wallet_29,12380.0
481,KOL_1,5870.0
482,New Wallet_58,30730.0
482,KOL_13,14720.0
483,New Wallet_9,12420.0
483,New Wallet_50,7460.0
483,KOL_1,5630.0
484,KOL_1,19430.0
484,KOL_21,6780.0
485,KOL_54,23620.0
485,New Wallet_55,54620.0
486,KOL_54,16079.999999999998
486,KOL_21,21730.0
487,KOL_1,12790.0
487,KOL_54,9280.0
487,KOL_21,6230.0
488,KOL_1,24070.0
488,KOL_10,19730.0
489,KOL_21,12800.0
489,KOL_1,8890.0
490,KOL_20,15790.0
490,KOL_21,10430.0
490,KOL_1,6040.0
491,New Wallet_52,22070.0
491,New Wallet_82,17340.0
492,KOL_20,26950.0
492,New Wallet_1,50080.0
493,KOL_20,13630.0
493,New Wallet_1,12940.0
493,KOL_1,14350.0
493,KOL_21,5750.0
494,KOL_10,12780.0
494,New Wallet_1,5900.0
495,KOL_14,12600.0
495,New Wallet_1,10790.0
495,KOL_10,6950.0
496,New Wallet_1,19930.0
496,KOL_1,11550.0
496,KOL_10,9060.0
497,New Wallet_1,16650.0
497,New Wallet_5,8830.0
498,KOL_43,13000.0
498,KOL_14,7560.0
499,New Wallet_5,12970.0
499,KOL_14,7400.0
500,New Wallet_1,29500.0
500,New Wallet_82,26310.0
501,New Wallet_60,19050.0
501,KOL_1,11440.0
502,New Wallet_123,12220.0
502,KOL_21,9460.0
503,New Wallet_14,20610.0
503,New Wallet_123,7630.0
504,KOL_27,12110.0
504,New Wallet_10,14820.0
505,KOL_34,19270.0
505,New Wallet_23,11770.0
505,KOL_1,13660.0
505,KOL_21,7540.0
506,New Wallet_14,24050.0
506,New Wallet_9,21710.0
507,KOL_1,21430.0
507,KOL_21,17170.0
508,KOL_1,14220.0
508,KOL_21,10970.0
508,New Wallet_5,9240.0
509,New Wallet_52,19220.0
509,KOL_42,9190.0
510,KOL_42,23410.0
510,New Wallet_30,24870.0
510,New Wallet_52,19220.0
511,KOL_10,16810.0
511,KOL_42,23410.0
512,KOL_42,13590.0
512,KOL_8,16360.0
512,KOL_10,16810.0
513,New Wallet_5,16420.0
513,KOL_1,13360.0
514,KOL_10,16850.0
514,KOL_1,6050.0
515,New Wallet_123,24880.0
515,New Wallet_5,34320.0
515,New Wallet_1,52610.0
515,New Wallet_15,64730.00000000001
516,KOL_1,12660.0
516,KOL_10,6310.0
516,New Wallet_16,12220.0
517,KOL_42,28290.0
517,New Wallet_5,60730.0
517,New Wallet_123,24880.0
518,New Wallet_9,13490.0
518,KOL_42,14670.0
519,KOL_1,28470.0
519,New Wallet_16,9300.0
519,New Wallet_7,6070.0
520,New Wallet_5,12510.0
520,New Wallet_16,8470.0
521,New Wallet_30,19410.0
521,New Wallet_19,15870.0
522,KOL_10,18040.0
522,KOL_35,14520.0
523,New Wallet_5,32659.999999999996
523,New Wallet_1,25740.0
524,New Wallet_23,14940.0
524,New Wallet_7,9280.0
525,New Wallet_16,18340.0
525,New Wallet_5,7450.0
525,New Wallet_1,4900.0
526,KOL_22,24410.0
526,New Wallet_16,28840.0
527,KOL_2,21470.0
527,New Wallet_70,9570.0
528,KOL_10,15690.0
528,KOL_21,8119.999999999999
529,New Wallet_43,25400.0
529,KOL_1,49040.0
530,New Wallet_41,23870.0
530,New Wallet_124,32380.000000000004
531,New Wallet_10,31560.0
531,New Wallet_14,29250.0
532,New Wallet_65,34160.0
532,KOL_10,47300.0
532,New Wallet_79,48120.0
532,New Wallet_1,110690.0
532,New Wallet_59,69640.0
532,KOL_81,50020.0
532,New Wallet_15,70790.0
532,New Wallet_49,53740.0
532,New Wallet_50,64220.0
533,New Wallet_43,19150.0
533,New Wallet_69,33850.0
534,KOL_10,32670.0
534,KOL_25,6410.0
535,KOL_2,13360.0
535,New Wallet_9,12160.0
536,New Wallet_49,17050.0
536,KOL_2,10160.0
537,KOL_2,12980.0
537,New Wallet_1,6760.0
538,KOL_2,19530.0
538,KOL_32,10980.0
538,New Wallet_12,8580.0
538,New Wallet_124,5200.0
539,KOL_10,23790.0
539,KOL_2,22580.0
539,KOL_1,21890.0
540,New Wallet_20,29280.0
540,KOL_22,28130.0
540,New Wallet_12,26350.0
540,New Wallet_16,17710.0
540,New Wallet_7,26690.0
540,KOL_10,23790.0
540,KOL_2,22580.0
540,KOL_1,21890.0
541,New Wallet_12,12240.0
541,New Wallet_5,7130.0
542,New Wallet_9,19230.0
542,New Wallet_20,29280.0
543,KOL_1,14350.0
543,KOL_14,5270.0
544,New Wallet_16,19200.0
544,New Wallet_20,6460.0
545,New Wallet_18,14810.0
545,New Wallet_12,11880.0
546,New Wallet_18,26430.0
546,KOL_2,15730.0
547,New Wallet_12,18270.0
547,New Wallet_18,26430.0
548,KOL_2,23480.0
548,New Wallet_1,20200.0
549,New Wallet_12,14920.0
549,KOL_15,18290.0
549,KOL_10,19250.0
549,KOL_1,13200.0
550,New Wallet_16,12770.0
550,New Wallet_7,11380.0
551,New Wallet_12,13110.0
551,KOL_42,10330.0
551,KOL_34,16030.000000000002
551,New Wallet_16,12770.0
551,New Wallet_7,11380.0
552,New Wallet_7,27680.0
552,KOL_2,24140.0
553,New Wallet_12,15490.0
553,New Wallet_16,26320.0
554,New Wallet_12,31530.0
554,New Wallet_7,27680.0
554,KOL_2,24140.0
555,KOL_10,14780.0
555,New Wallet_70,15310.0
556,KOL_2,14880.0
556,KOL_1,27050.0
556,New Wallet_15,67720.0
556,KOL_26,56150.0
557,KOL_10,12810.0
557,KOL_1,9500.0
558,KOL_2,18620.0
558,KOL_1,36890.0
558,New Wallet_16,29770.0
558,KOL_15,10990.0
558,KOL_10,12810.0
559,KOL_15,19530.0
559,KOL_10,20230.0
559,KOL_2,18620.0
559,KOL_1,36890.0
559,New Wallet_16,29770.0
560,New Wallet_1,18200.0
560,New Wallet_78,26460.0
560,KOL_35,32850.0
560,KOL_2,16920.0
561,New Wallet_44,16610.0
561,New Wallet_1,13110.0
561,New Wallet_78,26460.0
561,KOL_35,32850.0
562,New Wallet_1,23050.0
562,New Wallet_20,67280.0
562,New Wallet_15,49860.0
563,New Wallet_1,31050.0
563,New Wallet_20,22720.0
563,New Wallet_15,49860.0
564,KOL_1,25010.0
564,New Wallet_20,8189.999999999999
565,KOL_35,20670.0
565,KOL_1,28870.0
565,New Wallet_16,22270.0
565,New Wallet_20,8189.999999999999
566,KOL_20,21670.0
566,KOL_32,38230.0
566,KOL_1,53010.0
566,New Wallet_16,54410.0
567,New Wallet_1,24870.0
567,New Wallet_15,75210.0
568,KOL_2,13250.0
568,KOL_22,13160.0
568,KOL_19,17810.0
569,KOL_1,15250.0
569,New Wallet_13,12430.0
570,KOL_1,16180.0
570,New Wallet_13,9960.0
570,New Wallet_20,8790.0
571,KOL_1,12130.0
571,New Wallet_20,16300.0
572,New Wallet_13,16250.0
572,New Wallet_124,10350.0
572,KOL_27,7770.0
573,KOL_2,31930.0
573,New Wallet_13,64030.0
574,KOL_2,15630.0
574,New Wallet_49,9340.0
574,KOL_18,5670.0
575,New Wallet_20,19490.0
575,New Wallet_60,17430.0
576,New Wallet_1,17080.0
576,New Wallet_124,14730.0
577,New Wallet_1,20810.0
577,New Wallet_13,8780.0
578,New Wallet_35,22550.0
578,New Wallet_124,9270.0
579,New Wallet_14,32280.0
579,New Wallet_30,42970.0
579,KOL_2,55450.0
579,KOL_1,62770.0
579,New Wallet_124,57090.0
579,New Wallet_60,8530.0
580,New Wallet_35,16800.0
580,KOL_1,6600.0
581,KOL_22,13420.0
581,KOL_1,7910.0
581,KOL_15,6770.0
582,KOL_15,12160.0
582,KOL_22,13420.0
582,KOL_1,7910.0
583,New Wallet_23,19390.0
583,KOL_16,10520.0
583,KOL_4,6810.0
583,KOL_2,7100.0
583,New Wallet_124,5590.0
584,KOL_22,28280.0
584,New Wallet_23,23990.0
585,New Wallet_40,15150.0
585,New Wallet_20,11450.0
586,New Wallet_10,13500.0
586,KOL_28,9710.0
587,KOL_22,28820.0
587,KOL_2,18100.0
588,KOL_2,34750.0
588,KOL_22,28820.0
589,New Wallet_23,27300.0
589,KOL_1,30150.0
590,New Wallet_53,22480.0
590,New Wallet_37,26900.0
591,New Wallet_38,28330.0
591,KOL_2,6850.0
592,KOL_1,20680.0
592,New Wallet_124,21490.0
593,New Wallet_80,17350.0
593,New Wallet_23,10370.0
593,KOL_1,10130.0
593,New Wallet_124,5780.0
594,KOL_2,14090.0
594,KOL_1,5980.0
595,New Wallet_26,14640.0
595,New Wallet_123,13170.0
596,New Wallet_16,14380.0
596,New Wallet_124,9260.0
597,KOL_2,14750.0
597,New Wallet_124,10240.0
598,New Wallet_12,12460.0
598,New Wallet_124,7270.0
599,New Wallet_17,12240.0
599,New Wallet_21,14400.0
600,New Wallet_17,21680.0
600,New Wallet_60,16010.000000000002
600,KOL_2,15600.0
600,KOL_22,42340.0
600,New Wallet_21,40040.0
600,KOL_4,10680.0
601,New Wallet_12,29290.0
601,New Wallet_80,39080.0
601,KOL_32,33730.0
602,New Wallet_26,31740.0
602,New Wallet_17,21360.0
603,New Wallet_60,12480.0
603,New Wallet_102,10740.0
603,New Wallet_124,8780.0
604,New Wallet_21,21830.0
604,New Wallet_124,18380.0
605,KOL_18,26890.0
605,New Wallet_26,22990.0
606,New Wallet_30,34920.0
606,KOL_32,8820.0
607,New Wallet_17,31740.0
607,New Wallet_30,34920.0
608,New Wallet_17,30840.0
608,New Wallet_30,34920.0
609,New Wallet_10,27640.0
609,New Wallet_30,26770.0
610,New Wallet_124,15510.0
610,New Wallet_21,12900.0
611,New Wallet_20,16650.0
611,New Wallet_124,13170.0
612,KOL_45,17760.0
612,New Wallet_80,15100.0
613,KOL_18,13470.0
613,New Wallet_66,39460.0
613,New Wallet_13,44020.0
614,KOL_103,22590.0
614,KOL_18,13470.0
